{
    "Character Name": "1",
    "Faction": "United Systems of Man",
    "Starting Credits": 1000,
    "Ship Name": "1",
    "Ship Type": {
        "name": "Light Mission Runner",
        "class": "Light",
        "faction_of_origin": "United Systems of Man",
        "description": "Balanced for exploration and basic defense.",
        "required_rank_to_pilot": "Civilian",
        "size": "Small",
        "ship_cost": 550,
        "min_cargo": 10,
        "max_cargo": 30,
        "max_shields": 50,
        "max_armor": 20,
        "max_hull": 30,
        "system_scanner_type": "Beta",
        "system_scanner_level": 2,
        "planet_scanner": "Yes",
        "planet_scanner_level": 1,
        "resource_scanner": "Yes",
        "resource_scanner_level": 1,
        "weapon_type": "Light Laser",
        "combat_bonus": 1.0,
        "mining_attachment": "No",
        "mining_attachment_level": 0
    }
}