{
    "Starter Craft": {
        "Shogunate 3072": [
            {
                "name": "Hermes",
                "class": "Light",
                "faction_of_origin": "Shogunate 3072",
                "description": "Fast and stealthy for quick reconnaissance.",
                "required_rank_to_pilot": "Civilian",
                "size": "Small",
                "ship_cost": 450,
                "min_cargo": 10,
                "max_cargo": 30,
                "max_shields": 50,
                "max_armor": 20,
                "max_hull": 30,
                "system_scanner_type": "Beta",
                "system_scanner_level": 2,
                "planet_scanner": "Yes",
                "planet_scanner_level": 1,
                "resource_scanner": "Yes",
                "resource_scanner_level": 1,
                "weapon_type": "Light Laser",
                "combat_bonus": 1.3,
                "mining_attachment": "No",
                "mining_attachment_level": 0
            },
            {
                "name": "Icarus",
                "class": "Light",
                "faction_of_origin": "Shogunate 3072",
                "description": "A versatile scout ship.",
                "required_rank_to_pilot": "Civilian",
                "size": "Small",
                "ship_cost": 500,
                "min_cargo": 15,
                "max_cargo": 35,
                "max_shields": 55,
                "max_armor": 25,
                "max_hull": 35,
                "system_scanner_type": "Alpha",
                "system_scanner_level": 3,
                "planet_scanner": "Yes",
                "planet_scanner_level": 2,
                "resource_scanner": "Yes",
                "resource_scanner_level": 2,
                "weapon_type": "Light Laser",
                "combat_bonus": 1.4,
                "mining_attachment": "No",
                "mining_attachment_level": 0
            },
            {
                "name": "Phoenix",
                "class": "Light",
                "faction_of_origin": "Shogunate 3072",
                "description": "Enhanced stealth and speed.",
                "required_rank_to_pilot": "Civilian",
                "size": "Small",
                "ship_cost": 550,
                "min_cargo": 20,
                "max_cargo": 40,
                "max_shields": 60,
                "max_armor": 30,
                "max_hull": 40,
                "system_scanner_type": "Gamma",
                "system_scanner_level": 4,
                "planet_scanner": "Yes",
                "planet_scanner_level": 2,
                "resource_scanner": "Yes",
                "resource_scanner_level": 3,
                "weapon_type": "Enhanced Laser",
                "combat_bonus": 1.5,
                "mining_attachment": "No",
                "mining_attachment_level": 0
            }
        ],
        "Mandate of God": [
            {
                "name": "The Word of God",
                "class": "Light",
                "faction_of_origin": "Mandate of God",
                "description": "Designed for negotiation and quick reconnaissance.",
                "required_rank_to_pilot": "Civilian",
                "size": "Small",
                "ship_cost": 600,
                "min_cargo": 10,
                "max_cargo": 30,
                "max_shields": 50,
                "max_armor": 20,
                "max_hull": 30,
                "system_scanner_type": "Beta",
                "system_scanner_level": 2,
                "planet_scanner": "Yes",
                "planet_scanner_level": 1,
                "resource_scanner": "Yes",
                "resource_scanner_level": 1,
                "weapon_type": "Light Laser",
                "combat_bonus": 0.8,
                "mining_attachment": "No",
                "mining_attachment_level": 0
            },
            {
                "name": "Divine Shield",
                "class": "Light",
                "faction_of_origin": "Mandate of God",
                "description": "Strong defensive capabilities.",
                "required_rank_to_pilot": "Civilian",
                "size": "Small",
                "ship_cost": 650,
                "min_cargo": 12,
                "max_cargo": 32,
                "max_shields": 60,
                "max_armor": 25,
                "max_hull": 35,
                "system_scanner_type": "Alpha",
                "system_scanner_level": 3,
                "planet_scanner": "Yes",
                "planet_scanner_level": 2,
                "resource_scanner": "Yes",
                "resource_scanner_level": 2,
                "weapon_type": "Light Laser",
                "combat_bonus": 0.9,
                "mining_attachment": "No",
                "mining_attachment_level": 0
            },
            {
                "name": "Holy Avenger",
                "class": "Light",
                "faction_of_origin": "Mandate of God",
                "description": "Equipped for divine intervention missions.",
                "required_rank_to_pilot": "Civilian",
                "size": "Small",
                "ship_cost": 700,
                "min_cargo": 14,
                "max_cargo": 34,
                "max_shields": 65,
                "max_armor": 30,
                "max_hull": 40,
                "system_scanner_type": "Gamma",
                "system_scanner_level": 4,
                "planet_scanner": "Yes",
                "planet_scanner_level": 3,
                "resource_scanner": "Yes",
                "resource_scanner_level": 3,
                "weapon_type": "Enhanced Laser",
                "combat_bonus": 1.0,
                "mining_attachment": "No",
                "mining_attachment_level": 0
            }
        ],
        "People of the River": [
            {
                "name": "Hydrogen",
                "class": "Light",
                "faction_of_origin": "People of the River",
                "description": "High communication capabilities for exploration.",
                "required_rank_to_pilot": "Civilian",
                "size": "Small",
                "ship_cost": 500,
                "min_cargo": 10,
                "max_cargo": 30,
                "max_shields": 50,
                "max_armor": 20,
                "max_hull": 30,
                "system_scanner_type": "Beta",
                "system_scanner_level": 2,
                "planet_scanner": "Yes",
                "planet_scanner_level": 1,
                "resource_scanner": "Yes",
                "resource_scanner_level": 1,
                "weapon_type": "Light Laser",
                "combat_bonus": 0.9,
                "mining_attachment": "No",
                "mining_attachment_level": 0
            },
            {
                "name": "Oxygen",
                "class": "Light",
                "faction_of_origin": "People of the River",
                "description": "Specialized in resource gathering.",
                "required_rank_to_pilot": "Civilian",
                "size": "Small",
                "ship_cost": 550,
                "min_cargo": 15,
                "max_cargo": 35,
                "max_shields": 55,
                "max_armor": 25,
                "max_hull": 35,
                "system_scanner_type": "Alpha",
                "system_scanner_level": 3,
                "planet_scanner": "Yes",
                "planet_scanner_level": 2,
                "resource_scanner": "Yes",
                "resource_scanner_level": 2,
                "weapon_type": "Light Laser",
                "combat_bonus": 1.0,
                "mining_attachment": "Yes",
                "mining_attachment_level": 1
            },
            {
                "name": "Nitrogen",
                "class": "Light",
                "faction_of_origin": "People of the River",
                "description": "Optimized for environmental adaptability.",
                "required_rank_to_pilot": "Civilian",
                "size": "Small",
                "ship_cost": 600,
                "min_cargo": 20,
                "max_cargo": 40,
                "max_shields": 60,
                "max_armor": 30,
                "max_hull": 40,
                "system_scanner_type": "Gamma",
                "system_scanner_level": 4,
                "planet_scanner": "Yes",
                "planet_scanner_level": 3,
                "resource_scanner": "Yes",
                "resource_scanner_level": 3,
                "weapon_type": "Enhanced Laser",
                "combat_bonus": 1.1,
                "mining_attachment": "Yes",
                "mining_attachment_level": 2
            }
        ],
        "The Noringian Hive": [
            {
                "name": "Alpha",
                "class": "Light",
                "faction_of_origin": "The Noringian Hive",
                "description": "Technologically advanced with enhanced combat systems.",
                "required_rank_to_pilot": "Civilian",
                "size": "Small",
                "ship_cost": 700,
                "min_cargo": 10,
                "max_cargo": 30,
                "max_shields": 50,
                "max_armor": 20,
                "max_hull": 30,
                "system_scanner_type": "Gamma",
                "system_scanner_level": 3,
                "planet_scanner": "Yes",
                "planet_scanner_level": 1,
                "resource_scanner": "Yes",
                "resource_scanner_level": 1,
                "weapon_type": "Advanced Laser",
                "combat_bonus": 1.5,
                "mining_attachment": "No",
                "mining_attachment_level": 0
            },
            {
                "name": "Beta",
                "class": "Light",
                "faction_of_origin": "The Noringian Hive",
                "description": "Superior in electronic warfare.",
                "required_rank_to_pilot": "Civilian",
                "size": "Small",
                "ship_cost": 750,
                "min_cargo": 12,
                "max_cargo": 32,
                "max_shields": 55,
                "max_armor": 25,
                "max_hull": 35,
                "system_scanner_type": "Delta",
                "system_scanner_level": 4,
                "planet_scanner": "Yes",
                "planet_scanner_level": 2,
                "resource_scanner": "Yes",
                "resource_scanner_level": 2,
                "weapon_type": "Advanced Laser",
                "combat_bonus": 1.6,
                "mining_attachment": "No",
                "mining_attachment_level": 0
            },
            {
                "name": "Gamma",
                "class": "Light",
                "faction_of_origin": "The Noringian Hive",
                "description": "Elite craft with maximum combat enhancements.",
                "required_rank_to_pilot": "Civilian",
                "size": "Small",
                "ship_cost": 800,
                "min_cargo": 15,
                "max_cargo": 35,
                "max_shields": 60,
                "max_armor": 30,
                "max_hull": 40,
                "system_scanner_type": "Epsilon",
                "system_scanner_level": 5,
                "planet_scanner": "Yes",
                "planet_scanner_level": 3,
                "resource_scanner": "Yes",
                "resource_scanner_level": 3,
                "weapon_type": "Elite Laser",
                "combat_bonus": 1.7,
                "mining_attachment": "No",
                "mining_attachment_level": 0
            }
        ],
        "United Systems of Man": [
            {
                "name": "Light Mission Runner",
                "class": "Light",
                "faction_of_origin": "United Systems of Man",
                "description": "Balanced for exploration and basic defense.",
                "required_rank_to_pilot": "Civilian",
                "size": "Small",
                "ship_cost": 550,
                "min_cargo": 10,
                "max_cargo": 30,
                "max_shields": 50,
                "max_armor": 20,
                "max_hull": 30,
                "system_scanner_type": "Beta",
                "system_scanner_level": 2,
                "planet_scanner": "Yes",
                "planet_scanner_level": 1,
                "resource_scanner": "Yes",
                "resource_scanner_level": 1,
                "weapon_type": "Light Laser",
                "combat_bonus": 1.0,
                "mining_attachment": "No",
                "mining_attachment_level": 0
            },
            {
                "name": "Scout",
                "class": "Light",
                "faction_of_origin": "United Systems of Man",
                "description": "Quick and agile, ideal for scouting missions.",
                "required_rank_to_pilot": "Civilian",
                "size": "Small",
                "ship_cost": 600,
                "min_cargo": 12,
                "max_cargo": 32,
                "max_shields": 55,
                "max_armor": 25,
                "max_hull": 35,
                "system_scanner_type": "Alpha",
                "system_scanner_level": 3,
                "planet_scanner": "Yes",
                "planet_scanner_level": 2,
                "resource_scanner": "Yes",
                "resource_scanner_level": 2,
                "weapon_type": "Light Laser",
                "combat_bonus": 1.1,
                "mining_attachment": "Yes",
                "mining_attachment_level": 1
            },
            {
                "name": "Explorer",
                "class": "Light",
                "faction_of_origin": "United Systems of Man",
                "description": "Equipped for deep space exploration.",
                "required_rank_to_pilot": "Civilian",
                "size": "Small",
                "ship_cost": 650,
                "min_cargo": 15,
                "max_cargo": 35,
                "max_shields": 60,
                "max_armor": 30,
                "max_hull": 40,
                "system_scanner_type": "Gamma",
                "system_scanner_level": 4,
                "planet_scanner": "Yes",
                "planet_scanner_level": 3,
                "resource_scanner": "Yes",
                "resource_scanner_level": 3,
                "weapon_type": "Enhanced Laser",
                "combat_bonus": 1.2,
                "mining_attachment": "Yes",
                "mining_attachment_level": 2
            }
        ]
    }
}
