{
    "1": {
        "description": "A bustling hub with many travelers.",
        "planets": [
            {"name": "Planet A"},
            {"name": "Planet B"}
        ],
        "connections": ["2", "3"]
    },
    "2": {
        "description": "A serene system with a beautiful nebula.",
        "planets": [
            {"name": "Planet C"},
            {"name": "Planet D"}
        ],
        "connections": ["1", "4"]
    },
    "3": {
        "description": "A system known for its mining operations.",
        "planets": [
            {"name": "Planet E"}
        ],
        "connections": ["1", "5"]
    },
    "4": {
        "description": "A trade center with many opportunities.",
        "planets": [
            {"name": "Planet F"}
        ],
        "connections": ["2", "6"]
    },
    "5": {
        "description": "A system with a notorious space pirate base.",
        "planets": [
            {"name": "Planet G"}
        ],
        "connections": ["3", "7"]
    },
    "6": {
        "description": "A remote outpost with few visitors.",
        "planets": [
            {"name": "Planet H"}
        ],
        "connections": ["4", "8"]
    },
    "7": {
        "description": "A system known for its advanced technology.",
        "planets": [
            {"name": "Planet I"}
        ],
        "connections": ["5", "8"]
    },
    "8": {
        "description": "The final destination with a hidden treasure.",
        "planets": [
            {"name": "Planet J"}
        ],
        "connections": ["6", "7"]
    }
}
